<?xml version="1.0" encoding="UTF-8"?>
<databaseChangeLog
        xmlns:xsi="http://www.w3.org/2001/XMLSchema-instance"
        xmlns="http://www.liquibase.org/xml/ns/dbchangelog"
        xsi:schemaLocation="http://www.liquibase.org/xml/ns/dbchangelog http://www.liquibase.org/xml/ns/dbchangelog/dbchangelog-3.1.xsd">

    <changeSet author="Filip J. Fry" id="location-table-creation">
        <createTable tableName="location">
            <column name="id" type="NVARCHAR(36)"/>
            <column name="name" type="NVARCHAR(255)"/>
        </createTable>

        <addNotNullConstraint tableName="location" columnName="id" columnDataType="NVARCHAR"/>
        <addPrimaryKey tableName="location" columnNames="id" constraintName="location_pkey"/>
        <addNotNullConstraint tableName="location" columnName="name" columnDataType="NVARCHAR"/>

        <rollback>
            <dropTable tableName="location"/>
        </rollback>
    </changeSet>
</databaseChangeLog>