<?xml version="1.0" encoding="UTF-8"?>
<databaseChangeLog
        xmlns:xsi="http://www.w3.org/2001/XMLSchema-instance"
        xmlns="http://www.liquibase.org/xml/ns/dbchangelog"
        xsi:schemaLocation="http://www.liquibase.org/xml/ns/dbchangelog http://www.liquibase.org/xml/ns/dbchangelog/dbchangelog-3.1.xsd">

    <changeSet author="Filip J. Fry" id="point-table-creation">
        <createTable tableName="point">
            <column name="id" type="NVARCHAR"/>
            <column name="name" type="NVARCHAR"/>
            <column name="begin" type="TIMESTAMP(6) WITHOUT TIME ZONE"/>
            <column name="end" type="TIMESTAMP(6) WITHOUT TIME ZONE"/>
            <column name="isRepeat" type="BOOLEAN"/>
            <column name="routerDataId" type="NVARCHAR"/>
        </createTable>

        <addNotNullConstraint tableName="point" columnName="id" columnDataType="NVARCHAR"/>
        <addPrimaryKey tableName="point" columnNames="id" constraintName="point_pkey"/>

        <addNotNullConstraint tableName="point" columnName="name" columnDataType="NVARCHAR"/>
        <addNotNullConstraint tableName="point" columnName="begin" columnDataType="TIMESTAMP(6) WITHOUT TIME ZONE"/>
        <addNotNullConstraint tableName="point" columnName="end" columnDataType="TIMESTAMP(6) WITHOUT TIME ZONE"/>
        <addNotNullConstraint tableName="point" columnName="isRepeat" columnDataType="BOOLEAN"/>

        <rollback>
            <dropTable tableName="point"/>
        </rollback>
    </changeSet>
</databaseChangeLog>