<?xml version="1.0" encoding="UTF-8"?>
<databaseChangeLog
        xmlns:xsi="http://www.w3.org/2001/XMLSchema-instance"
        xmlns="http://www.liquibase.org/xml/ns/dbchangelog"
        xsi:schemaLocation="http://www.liquibase.org/xml/ns/dbchangelog http://www.liquibase.org/xml/ns/dbchangelog/dbchangelog-3.1.xsd">

    <changeSet author="Filip J. Fry" id="router-table-creation">
        <createTable tableName="router">
            <column name="id" type="NVARCHAR"/>
            <column name="ip" type="NVARCHAR"/>
            <column name="ssid" type="NVARCHAR"/>
            <column name="pwd" type="NVARCHAR"/>
            <column name="adminLogin" type="NVARCHAR"/>
            <column name="adminPwd" type="NVARCHAR"/>
        </createTable>

        <addNotNullConstraint tableName="router" columnName="id" columnDataType="NVARCHAR"/>
        <addPrimaryKey tableName="router" columnNames="id" constraintName="router_pkey"/>

        <addNotNullConstraint tableName="router" columnName="ip" columnDataType="NVARCHAR"/>
        <addNotNullConstraint tableName="router" columnName="ssid" columnDataType="NVARCHAR"/>
        <addNotNullConstraint tableName="router" columnName="pwd" columnDataType="NVARCHAR"/>
        <addNotNullConstraint tableName="router" columnName="adminLogin" columnDataType="NVARCHAR"/>
        <addNotNullConstraint tableName="router" columnName="adminPwd" columnDataType="NVARCHAR"/>

        <rollback>
            <dropTable tableName="router"/>
        </rollback>
    </changeSet>
</databaseChangeLog>