<?xml version="1.0" encoding="UTF-8"?>
<databaseChangeLog
        xmlns:xsi="http://www.w3.org/2001/XMLSchema-instance"
        xmlns="http://www.liquibase.org/xml/ns/dbchangelog"
        xsi:schemaLocation="http://www.liquibase.org/xml/ns/dbchangelog http://www.liquibase.org/xml/ns/dbchangelog/dbchangelog-3.1.xsd">

    <changeSet author="Filip J. Fry" id="device-table-creation">
        <createTable tableName="device">
            <column name="id" type="NVARCHAR"/>
            <column name="model" type="NVARCHAR"/>
            <column name="softWareVersion" type="NVARCHAR"/>
            <column name="mac" type="NVARCHAR"/>
            <column name="ip" type="NVARCHAR"/>
        </createTable>

        <addNotNullConstraint tableName="device" columnName="id" columnDataType="NVARCHAR"/>
        <addPrimaryKey tableName="device" columnNames="id" constraintName="device_pkey"/>

        <addNotNullConstraint tableName="device" columnName="model" columnDataType="NVARCHAR"/>
        <addNotNullConstraint tableName="device" columnName="softWareVersion" columnDataType="NVARCHAR"/>
        <addNotNullConstraint tableName="device" columnName="mac" columnDataType="NVARCHAR"/>
        <addNotNullConstraint tableName="device" columnName="ip" columnDataType="NVARCHAR"/>

        <rollback>
            <dropTable tableName="point"/>
        </rollback>
    </changeSet>
</databaseChangeLog>